scenario,seed,sensor,alpha,target_expert,drift_reliability,drift_modulation_factor,coord_threshold_v75,coord_threshold_v73,single_action,reliability_spike,reliability_drift,reliability_flat,reliability_dropout,coef_v75_spike,coef_v75_drift,coef_v75_flat,coef_v75_dropout
high,123,sensor_501_multivar_labeled,0.6,drift,0.3073078344419808,0.7229231337767923,0.5499999999999999,0.5499999999999999,flat_std_w18,0.7781397874572091,0.3073078344419808,0.1704672897196261,0.7746231263289458,3.099128072354384,2.700952996181656,-0.0727782190848541,2.423652574288321
high,123,sensor_502_multivar_labeled,0.6,drift,0.1981495759444873,0.6792598303777949,0.6,0.6,z_w21_t3,0.6486704166120583,0.1981495759444873,0.631906650917325,0.8780633352838804,2.522766954618453,-1.3459109204781667,2.7192211610966264,-3.056897768499494
high,123,sensor_505_multivar_labeled,0.6,drift,0.4095008232683241,0.7638003293073297,0.825,0.825,flat_std_w18,1.0,0.4095008232683241,0.1891268533772652,0.7971324036976709,4.022078789611777,2.090003324962652,4.5965942571486575,-0.1018594847034686
high,123,sensor_506_multivar_labeled,0.6,drift,0.4292898177355553,0.7717159270942221,0.825,0.85,low_range_w24,0.756291046642847,0.4292898177355553,0.1847604084838963,0.94418686566037,2.676589009394251,2.045194873133731,2.7054552300480075,-0.3223158338561009
high,123,sensor_507_multivar_labeled,0.6,drift,0.1860150375939849,0.674406015037594,0.825,0.825,flat_std_w18,0.7138317884479348,0.1860150375939849,0.771456663395444,0.8394854997997263,2.7520438041894324,-0.0485949208404443,3.695966747698455,-3.463194308973097
high,123,sensor_508_multivar_labeled,0.6,drift,0.1846867749419953,0.6738747099767981,0.825,0.825,flat_std_w18,0.8777034935546204,0.1846867749419953,0.1823665893271462,0.7779576075866815,3.467106720781236,1.768488171327016,3.634137345938073,-1.2643194365719337
high,123,sensor_509_multivar_labeled,0.6,drift,0.4143018389439815,0.7657207355775926,0.725,0.725,flat_std_w36,0.8635889596020376,0.4143018389439815,0.4065837845897559,0.1875729969633263,3.8686069455872536,0.5918232697361521,2.976420707040218,0.3548979196543053
high,123,sensor_510_multivar_labeled,0.6,drift,0.18,0.6719999999999999,0.825,0.825,flat_std_w36,0.857651796992691,0.18,0.310215368404531,0.8378458307619787,4.010380447731272,1.5883455329184129,3.511976414324513,-0.8921425830764929
high,123,sensor_511_multivar_labeled,0.6,drift,0.1823355506282335,0.6729342202512933,0.775,0.775,flat_std_w18,0.7888386341229929,0.1823355506282335,0.6264818818320643,0.8816888687645535,3.628415219932573,0.0084057653677444,3.426387127593474,1.593506518867522
high,321,sensor_501_multivar_labeled,0.6,drift,0.4356301885172938,0.7742520754069175,0.575,0.575,flat_std_w18,0.7779031267445076,0.4356301885172938,0.1841788478073946,0.6693196277934914,3.7153923269302704,-1.076505276481251,5.891337235889225,-5.163612578921017
high,321,sensor_502_multivar_labeled,0.6,drift,0.1890516576715497,0.6756206630686199,0.7,0.7,flat_std_w18,0.8473148597373312,0.1890516576715497,0.8575236729167494,0.197378565921357,3.2353757173903555,-0.9554672000807312,1.572727161668447,0.9558392749340384
high,321,sensor_505_multivar_labeled,0.6,drift,0.1839272175890826,0.6735708870356331,0.75,0.75,flat_std_w18,0.8046523763199153,0.1839272175890826,0.8523841182697973,0.1890826383623957,2.4311133344206146,0.8002107327724169,2.665078889275492,0.9669656058941312
high,321,sensor_506_multivar_labeled,0.6,drift,0.396277972023854,0.7585111888095416,0.7,0.7,flat_std_w18,0.8623959307947806,0.396277972023854,0.1890023566378633,0.965210155788338,2.894438664550313,0.1211178401268344,3.1125563473751336,-0.1097181071274303
high,321,sensor_507_multivar_labeled,0.6,drift,0.4200785782392711,0.7680314312957084,0.9,0.9,flat_std_w18,0.7696768140381353,0.4200785782392711,0.1960902255639098,0.1954887218045113,2.9034446679205046,0.2405693459180812,3.055569091727394,-0.152315092434102
high,321,sensor_508_multivar_labeled,0.6,drift,0.4043050375230306,0.7617220150092122,0.525,0.575,flat_std_w18,0.8875277085961911,0.4043050375230306,0.1973704563031709,0.1927300850734725,2.6269053825832995,0.665401502495375,1.5812340384795895,1.040816038084616
high,321,sensor_509_multivar_labeled,0.6,drift,0.4093442503524837,0.7637377001409935,0.95,0.95,flat_std_w18,0.8637418014815316,0.4093442503524837,0.1969633263256248,0.1956318617145526,4.038034520553182,0.6448703610486619,3.550817849490734,0.0286552661398658
high,321,sensor_510_multivar_labeled,0.6,drift,0.1998751950078003,0.6799500780031201,0.9,0.9,flat_std_w36,0.9416731100681,0.1998751950078003,0.181996879875195,0.8228236452125801,6.317886129907571,2.770333940135896,8.31856517724851,-1.7424779958912815
high,321,sensor_511_multivar_labeled,0.6,drift,0.425268736372594,0.7701074945490376,0.725,0.725,dropout_w24,0.8948623327096423,0.425268736372594,0.5669754488728491,0.1956393200295639,2.9571607510994204,0.6655912460670264,0.3320353170148095,3.157383156076273
high,42,sensor_501_multivar_labeled,0.6,drift,0.4143802727518962,0.7657521091007584,0.475,0.475,flat_std_w18,0.8540739744355712,0.4143802727518962,0.191214953271028,0.1910576096302665,3.3820646988320937,-0.048824789294551,3.643207515606588,-1.3469070860234642
high,42,sensor_502_multivar_labeled,0.6,drift,0.2,0.6799999999999999,0.5499999999999999,0.5499999999999999,flat_std_w18,0.6907772258392657,0.2,0.1967617579028527,0.4371926126085202,2.56567219416564,-0.0916128764232782,-2.0551197421091043,4.065365668792981
high,42,sensor_505_multivar_labeled,0.6,drift,0.1719484457922668,0.6687793783169067,0.525,0.525,dropout_w24,0.757091888345969,0.1719484457922668,0.1896210873146623,0.8086750373165758,2.50727138549866,0.6520032616947182,-1.2682005537763608,3.392154984100612
high,42,sensor_506_multivar_labeled,0.6,drift,0.4154533266882622,0.7661813306753049,0.5499999999999999,0.5499999999999999,dropout_w24,0.8316495574724799,0.4154533266882622,0.4581975924150537,0.1984812778214192,3.318711509675208,2.4727884830233124,-0.9387373692359778,4.037837311877506
high,42,sensor_507_multivar_labeled,0.6,drift,0.450960529779147,0.7803842119116589,0.675,0.675,dropout_w24,0.668654720026141,0.450960529779147,0.4858362658005151,0.1948872180451127,2.835382183087209,0.5226788144944542,1.0779941755820857,1.1846149749976234
high,42,sensor_508_multivar_labeled,0.6,drift,0.1808197989172467,0.6723279195668986,0.775,0.775,flat_std_w18,0.874368451079051,0.1808197989172467,0.1950502706883217,0.512625485291837,2.179821063327435,-0.137941033985471,2.45902792882437,0.0821217062813854
high,42,sensor_509_multivar_labeled,0.6,drift,0.4040534440086011,0.7616213776034404,0.95,0.95,flat_std_w36,0.8305849239148841,0.4040534440086011,0.1955384256014949,0.1945573464143891,3.365217891409329,2.28253927907211,3.505035141958658,0.0822501504437224
high,42,sensor_510_multivar_labeled,0.6,drift,0.4110052694307495,0.7644021077722998,0.725,0.775,flat_std_w36,0.8387236424093911,0.4110052694307495,0.4655787571257399,0.8267661905944994,4.291368752887145,2.5131480640781283,1.7361747570475294,1.719581538953059
high,42,sensor_511_multivar_labeled,0.6,drift,0.4304292122943579,0.7721716849177431,0.35,0.3749999999999999,dropout_w24,0.9043466209644964,0.4304292122943579,0.1818181818181818,0.196230598669623,2.9651845769549805,0.9557241469694522,-0.1308246045041241,3.9474942316056407
high,777,sensor_501_multivar_labeled,0.6,drift,0.2,0.6799999999999999,0.7999999999999999,0.7999999999999999,flat_std_w18,0.9310250024622078,0.2,0.8191086150785435,0.8179245499329992,3.251061742642248,2.223148644793509,3.7075999763459406,-0.5769330220330043
high,777,sensor_502_multivar_labeled,0.6,drift,0.4144461707751343,0.7657784683100537,0.875,0.875,flat_std_w18,0.7703835143233797,0.4144461707751343,0.1981495759444873,0.1959907478797224,2.512553624785794,0.2470348896536699,-1.7697326429853124,3.983408675463927
high,777,sensor_505_multivar_labeled,0.6,drift,0.1987364620938628,0.6794945848375451,0.575,0.575,z_w21_t3,0.643456616907415,0.1987364620938628,0.4240478262604256,0.8373311072233418,2.873417391463697,2.2378752713384307,-0.9616379702189938,3.1683725330711394
high,777,sensor_506_multivar_labeled,0.6,drift,0.1704634721131186,0.6681853888452475,0.725,0.725,low_range_w24,0.8391782276804836,0.1704634721131186,0.1720345640219953,0.9497314551079514,3.433328787706881,0.6926700232476424,3.237327549475093,-0.9577093699271624
high,777,sensor_507_multivar_labeled,0.6,drift,0.3837336263970955,0.7534934505588382,0.75,0.75,dropout_w12,0.6938974058891818,0.3837336263970955,0.1895424836601307,0.7643107176876083,2.3465582197401456,1.9528664358298415,2.24409853059377,-0.0166717474312881
high,777,sensor_508_multivar_labeled,0.6,drift,0.4069732451929267,0.7627892980771707,0.65,0.65,flat_std_w18,0.7628673043957291,0.4069732451929267,0.7347608786176896,0.803731150302506,2.675418687617513,1.827275789787548,2.1280005169551206,-0.7559487440029429
high,777,sensor_509_multivar_labeled,0.6,drift,0.4263713364643606,0.7705485345857442,0.2249999999999999,0.2249999999999999,flat_std_w18,0.923827664198617,0.4263713364643606,0.1977108152300864,0.19614576033637,4.016127041430689,1.7864455146743146,5.1843713845547645,-0.5073830790497249
high,777,sensor_510_multivar_labeled,0.6,drift,0.1803744149765991,0.6721497659906396,0.65,0.65,dropout_w24,0.8860856547609165,0.1803744149765991,0.6176811411992937,0.8138467902825719,2.3152736054627607,0.5168308123411827,-0.3546594579978898,2.255316485561988
high,777,sensor_511_multivar_labeled,0.6,drift,0.1855875831485587,0.6742350332594235,0.9,0.9,flat_std_w18,0.8718456261667575,0.1855875831485587,0.1855875831485587,0.8521363500963084,2.6401974890719715,1.4012942116322429,2.531546494208617,1.378531226554976
high,999,sensor_501_multivar_labeled,0.6,drift,0.1809114359415305,0.6723645743766122,0.575,0.575,flat_std_w36,0.7132954516366241,0.1809114359415305,0.1707267144319345,0.7529779226524986,2.130392828820112,1.345765379559245,2.36905597120883,-0.9194210812641828
high,999,sensor_502_multivar_labeled,0.6,drift,0.1723978411719352,0.668959136468774,0.625,0.625,flat_std_w18,0.7696491329766012,0.1723978411719352,0.4339697216992315,0.1967617579028527,2.5055532483840226,-0.2783083749997883,2.81597323239056,0.1866570114032084
high,999,sensor_505_multivar_labeled,0.6,drift,0.1719484457922668,0.6687793783169067,0.875,0.875,flat_std_w18,0.7499023458623088,0.1719484457922668,0.176800606520091,0.847710432957491,2.389561831952349,2.2704250899804257,4.384102243487369,-2.0737663827746964
high,999,sensor_506_multivar_labeled,0.6,drift,0.4082676115038391,0.7633070446015356,0.825,0.825,flat_std_w36,0.8315745777081145,0.4082676115038391,0.1887928777166797,0.965210155788338,3.20391174666794,1.7965693864110188,4.1152953715850416,-0.8983337344280959
high,999,sensor_507_multivar_labeled,0.6,drift,0.1712781954887218,0.6685112781954887,0.9,0.9,low_range_w24,0.817714491520976,0.1712781954887218,0.1968421052631579,0.1959398496240601,2.184712563782678,2.365390258851625,2.4110396562437897,0.4289276183429462
high,999,sensor_508_multivar_labeled,0.6,drift,0.1998160073597056,0.6799264029438823,0.95,0.95,flat_std_w18,0.8926758023887948,0.1998160073597056,0.1930394431554524,0.1927300850734725,3.001502272405688,2.1360459972366974,2.810043798319195,1.0442709136382298
high,999,sensor_509_multivar_labeled,0.6,drift,0.4018031914502289,0.7607212765800916,0.875,0.875,flat_std_w36,0.8927335608621201,0.4018031914502289,0.1853772483064704,0.8952502677048373,2.3961658976238502,2.0030107951922536,3.2914910935726773,0.3151493026737036
high,999,sensor_510_multivar_labeled,0.6,drift,0.4031827745762673,0.7612731098305069,0.625,0.625,flat_std_w18,0.8230605898494581,0.4031827745762673,0.3852411572938715,0.191201248049922,3.2201504139860644,1.132171277442205,2.0474907099916035,0.6492710677583101
high,999,sensor_511_multivar_labeled,0.6,drift,0.1779009608277901,0.671160384331116,0.9,0.9,flat_std_w18,0.8564877155783485,0.1779009608277901,0.1971175166297117,0.1954915003695491,3.021704602726867,0.5171384902508571,1.4545734832907382,2.286714994435792
low,123,sensor_501_multivar_labeled,0.6,drift,0.187274290627687,0.6749097162510748,0.3,0.3,low_range_w24,0.2,0.187274290627687,0.177719298245614,0.1767841788478074,1.654336715757806,2.3863190604070024,0.4241735575618055,2.867369840130289
low,123,sensor_502_multivar_labeled,0.6,drift,0.1835003855050115,0.6734001542020046,0.9,0.85,dropout_w12,0.9356014327789236,0.1835003855050115,0.1957547169811321,0.1873554356206631,1.8243286417831224,1.7336981873386972,-3.609435952001815,4.038477902540375
low,123,sensor_505_multivar_labeled,0.6,drift,0.1991769547325103,0.6796707818930041,0.875,0.875,flat_std_w18,0.7784027461513456,0.1991769547325103,0.1721000758150113,0.4335201362863957,3.23281208394281,-0.3972897744826347,1.156262319069326,1.197683949276576
low,123,sensor_506_multivar_labeled,0.6,drift,0.3906509508037462,0.7562603803214984,0.825,0.85,flat_std_w18,0.7248549809363668,0.3906509508037462,0.7185758147065027,0.7783261158748909,2.066082360204436,1.4674990600596665,0.2556487751821621,2.2455420880685963
low,123,sensor_507_multivar_labeled,0.6,drift,0.1821052631578947,0.6728421052631579,0.875,0.875,hampel_w31_k2.5,0.8136664040698088,0.1821052631578947,0.178796992481203,0.1860150375939849,2.50057972098692,-0.0044343873995882,-0.3106414114649963,0.4767815993665232
low,123,sensor_508_multivar_labeled,0.6,drift,0.4131690880354974,0.7652676352141989,0.875,0.875,flat_std_w18,0.7995733126454616,0.4131690880354974,0.1858044164037855,0.4550403905836832,2.5061007148025887,-0.3004834275183197,0.2401379277389004,0.945204349759132
low,123,sensor_509_multivar_labeled,0.6,drift,0.1881569726699369,0.6752627890679748,0.675,0.675,z_w21_t3,0.9051491593441872,0.1881569726699369,0.1931791637467881,0.6564499809139703,2.808170286071777,2.395334549186328,-3.9755246476497184,4.988956532404002
low,123,sensor_510_multivar_labeled,0.6,drift,0.1999675008124797,0.6799870003249919,0.95,0.95,flat_std_w18,0.8338721078778297,0.1999675008124797,0.1923244929797192,0.1906708268330733,3.475309515754476,1.4217380249179083,4.579861733600817,-0.6400659624228047
low,123,sensor_511_multivar_labeled,0.6,drift,0.4069457245947547,0.7627782898379019,0.75,0.75,flat_std_w18,0.7938532799620466,0.4069457245947547,0.1895787139689578,0.1914264597191426,2.903497658359665,-1.0289947088668814,2.912508245544425,0.0001013276214425
low,321,sensor_501_multivar_labeled,0.6,drift,0.405845867613911,0.7623383470455645,0.925,0.925,flat_std_w18,0.7139407807804707,0.405845867613911,0.1783319002579536,0.1822871883061049,2.887259300491685,-0.0087202676899234,4.276282372285985,-1.662089589469136
low,321,sensor_502_multivar_labeled,0.6,drift,0.29579356551419,0.718317426205676,0.575,0.5499999999999999,flat_std_w36,0.8189967779733565,0.29579356551419,0.1926100628930817,0.4201018546784518,3.705291141745139,-0.1192503991724695,4.323810255736355,-0.609860816770932
low,321,sensor_505_multivar_labeled,0.6,drift,0.3026869191288667,0.7210747676515467,0.9,0.9,flat_std_w18,0.8395814307458143,0.3026869191288667,0.1710750193348801,0.2982529812377184,3.4068105447356363,-0.8261635738954903,5.7680636235568254,-6.3272061385980765
low,321,sensor_506_multivar_labeled,0.6,drift,0.1992364330515408,0.6796945732206163,0.75,0.75,flat_std_w18,0.8823024884442179,0.1992364330515408,0.1895784236711181,0.6167429282920152,2.759984138860716,0.6268152798023222,2.790014326585988,-1.2529374020828812
low,321,sensor_507_multivar_labeled,0.6,drift,0.1849624060150376,0.673984962406015,0.7999999999999999,0.7999999999999999,flat_std_w18,0.7995852187028658,0.1849624060150376,0.1679699248120301,0.177593984962406,2.068299477756793,-0.4181362876906391,-1.8369195634108724,2.586861225041451
low,321,sensor_508_multivar_labeled,0.6,drift,0.1767145135566188,0.6706858054226476,0.925,0.95,z_w21_t3,0.5995739736638266,0.1767145135566188,0.1954258675078864,0.1710750193348801,3.823672832925178,1.1417614908159597,-2.767621770686279,3.452375920694443
low,321,sensor_509_multivar_labeled,0.6,drift,0.403878242707949,0.7615512970831796,0.85,0.85,flat_std_w18,0.8120848175795192,0.403878242707949,0.1888928613991181,0.1901658491006774,2.740727978543505,0.7039368522263758,2.8494891168246195,-0.056743830148966
low,321,sensor_510_multivar_labeled,0.6,drift,0.3996832793144135,0.7598733117257654,0.625,0.625,z_w21_t3,0.8635980477471243,0.3996832793144135,0.4195609235520775,0.1906396255850234,3.9811099535595096,-0.3354431232208024,0.6767311219006921,1.0000843774642885
low,321,sensor_511_multivar_labeled,0.6,drift,0.1843311160384331,0.6737324464153732,0.875,0.875,dropout_w24,0.9356676978860295,0.1843311160384331,0.1824094604582409,0.1933481152993348,3.278060989063884,-1.2261758522525137,-3.766728802020695,5.981910968901911
low,42,sensor_501_multivar_labeled,0.6,drift,0.196560619088564,0.6786242476354256,0.9,0.9,hampel_w31_k2.5,0.8189840378785482,0.196560619088564,0.1800515907136715,0.1860053144375553,5.266986737172405,-0.4913046439233041,6.257557953852905,-7.037786128165505
low,42,sensor_502_multivar_labeled,0.6,drift,0.199837925445705,0.679935170178282,0.85,0.875,z_w21_t3,0.813904219429002,0.199837925445705,0.4463217667276059,0.5569663585101663,1.7275601268969476,1.7849913392431698,-1.3841022390201,1.7245362296442417
low,42,sensor_505_multivar_labeled,0.6,drift,0.199393479909022,0.6797573919636088,0.95,0.95,z_w21_t3,0.8136623305879674,0.199393479909022,0.4241314669191203,0.1758908263836239,2.8347285855657223,0.0140616914289806,-0.7632095052199123,2.4414868498990963
low,42,sensor_506_multivar_labeled,0.6,drift,0.3160129231938966,0.7264051692775586,0.775,0.775,flat_std_w18,0.6494747675761868,0.3160129231938966,0.5318270566260705,0.1984812778214192,3.0180492235732235,0.6775878622133833,1.875297773535676,0.3644645476965873
low,42,sensor_507_multivar_labeled,0.6,drift,0.1843609022556391,0.6737443609022556,0.875,0.875,hampel_w31_k2.5,0.6443980839304193,0.1843609022556391,0.4262174444235997,0.1954233409610984,3.1425340379656777,-1.540256318832723,3.84639808418232,-4.986131593758691
low,42,sensor_508_multivar_labeled,0.6,drift,0.2960252935862692,0.7184101174345077,0.4999999999999999,0.4999999999999999,flat_std_w18,0.8139034459332043,0.2960252935862692,0.1851508120649652,0.454454415089935,2.167811075630236,2.5043816171153,1.4655323717967406,0.7658507788316822
low,42,sensor_509_multivar_labeled,0.6,drift,0.1901658491006774,0.676066339640271,0.825,0.825,flat_std_w18,0.9233300727827788,0.1901658491006774,0.6758916971520553,0.663421383419131,2.894628231121985,0.7876038649308688,2.348920638989504,-0.1433884665042964
low,42,sensor_510_multivar_labeled,0.6,drift,0.3958779782419681,0.7583511912967873,0.7,0.7,flat_std_w18,0.7234318643092966,0.3958779782419681,0.1905125756128621,0.6056295466247733,2.276104962695789,0.8789430165999472,0.8379453449877093,1.4412591506247514
low,42,sensor_511_multivar_labeled,0.6,drift,0.3952512339434072,0.7581004935773629,0.9,0.9,z_w21_t3,1.0,0.3952512339434072,0.1941611234294161,0.1948263118994826,2.4799884047454523,1.0666117102906367,-3.362479098252654,4.464549092020212
low,777,sensor_501_multivar_labeled,0.6,drift,0.3865112789539385,0.7546045115815754,0.875,0.875,hampel_w31_k2.5,0.7140475251756195,0.3865112789539385,0.1834909716251075,0.1871023215821152,3.795596072573349,-0.7366035048942363,2.988940834094316,-3.5110975820357826
low,777,sensor_502_multivar_labeled,0.6,drift,0.1733230531996916,0.6693292212798766,0.625,0.625,dropout_w12,0.2,0.1733230531996916,0.1782575173477255,0.1824209714726291,2.0581061780476526,1.3244158599226177,-1.4753257625141143,3.008586570318564
low,777,sensor_505_multivar_labeled,0.6,drift,0.1987371744277821,0.6794948697711128,0.875,0.875,z_w21_t3,0.7705901567944251,0.1987371744277821,0.1964423820572312,0.4034321145057888,2.216736618232805,0.5270356568372463,-3.8088694239318857,-2.9745145989964192
low,777,sensor_506_multivar_labeled,0.6,drift,0.1732874900819889,0.6693149960327955,0.85,0.85,flat_std_w18,0.6401605655631559,0.1732874900819889,0.1954962031945535,0.1984812778214192,1.6202177025294036,1.192095645114842,2.691234108599572,-1.3166881997031763
low,777,sensor_507_multivar_labeled,0.6,drift,0.1842105263157895,0.6736842105263158,0.9,0.875,hampel_w31_k2.5,0.6443980839304193,0.1842105263157895,0.1970266040688576,0.1888721804511278,3.7284844716201113,0.3854937204942368,-6.394733857076544,4.695208329287662
low,777,sensor_508_multivar_labeled,0.6,drift,0.3818877363348782,0.7527550945339513,0.825,0.925,dropout_w12,0.4564422713465704,0.3818877363348782,0.165815931941222,0.4587579050975999,1.6314096440788612,2.6684271836865587,-2.737150039916972,4.346157827905141
low,777,sensor_509_multivar_labeled,0.6,drift,0.1999756690997567,0.6799902676399027,0.95,0.95,flat_std_w18,0.9020683079313792,0.1999756690997567,0.195211399205793,0.1925718290119131,2.778669903499596,1.1928029905769983,2.76225095699206,0.9317354531049972
low,777,sensor_510_multivar_labeled,0.6,drift,0.1946021840873635,0.6778408736349454,0.925,0.925,flat_std_w18,0.8565255864185178,0.1946021840873635,0.1924227952881248,0.1895475819032761,2.744915813221984,2.029620773366445,-0.3409117397503429,3.054740020274069
low,777,sensor_511_multivar_labeled,0.6,drift,0.197930524759793,0.6791722099039172,0.7,0.7,flat_std_w36,0.7785085164385834,0.197930524759793,0.175240206947524,0.1933481152993348,2.111977869670388,-0.7105154211602848,4.185705405729284,-0.8917343372348057
low,999,sensor_501_multivar_labeled,0.6,drift,0.1994840928632846,0.6797936371453138,0.95,0.95,ewma_s48_w96_t2.2,0.5935652853069024,0.1994840928632846,0.1690455717970765,0.175408426483233,1.3142245977072773,4.537148190243813,0.7853760435565237,0.6271056309644446
low,999,sensor_502_multivar_labeled,0.6,drift,0.2,0.6799999999999999,0.925,0.925,dropout_w12,0.7139628562964411,0.2,0.1791827293754818,0.1959907478797224,1.9467958692254612,1.9820033237421468,-2.248721033026954,3.754098439559487
low,999,sensor_505_multivar_labeled,0.6,drift,0.1824109173616376,0.672964366944655,0.825,0.825,hampel_w21_k3,1.0,0.1824109173616376,0.1787717968157695,0.1933282789992418,1.9905799261625297,-0.1312643083348749,3.6382471824100073,-4.819648859850632
low,999,sensor_506_multivar_labeled,0.6,drift,0.4152273007729122,0.7660909203091649,0.825,0.825,flat_std_w18,0.7295528417527548,0.4152273007729122,0.6570865741368792,0.7783261158748909,3.6336173026872847,0.7319504013384038,2.4525930027584195,-0.048751303977616
low,999,sensor_507_multivar_labeled,0.6,drift,0.4356350155467122,0.7742540062186849,0.95,0.95,low_range_w24,0.6791698113207547,0.4356350155467122,0.4168873738835424,0.4346692033353959,5.384614850645872,-1.7042393189521103,2.883054472422496,-1.124455946958997
low,999,sensor_508_multivar_labeled,0.6,drift,0.1992266047950502,0.6796906419180201,0.95,0.95,z_w21_t3,0.5995739736638266,0.1992266047950502,0.4412415903944257,0.174323279195669,3.461028061391026,3.613898639224431,2.17396485548539,-0.4024246442448846
low,999,sensor_509_multivar_labeled,0.6,drift,0.1910768512029899,0.676430740481196,0.875,0.875,flat_std_w18,0.935670851378632,0.1910768512029899,0.4031156441093182,0.193225881803317,2.4813882536279657,1.2500177610684629,3.765885745418554,-2.5249209493216704
low,999,sensor_510_multivar_labeled,0.6,drift,0.183588143525741,0.6734352574102964,0.875,0.875,flat_std_w18,0.9432820310403692,0.183588143525741,0.5978606898815404,0.6116377765244293,2.807462094653673,0.9197833474370032,3.556217056019422,-1.971780336398336
low,999,sensor_511_multivar_labeled,0.6,drift,0.3942101472891851,0.757684058915674,0.6,0.65,flat_std_w18,0.9270686456400742,0.3942101472891851,0.1908748114630467,0.1951219512195122,2.2989045486611284,0.5442798474252092,1.976597741426645,1.2721753387344272
medium,123,sensor_501_multivar_labeled,0.6,drift,0.1833190025795357,0.6733276010318142,0.525,0.5499999999999999,dropout_w12,0.8672639270565223,0.1833190025795357,0.5256660038975075,0.6000576687731289,1.812655810827956,0.1630867853028333,0.1089201721633464,1.2653637108683848
medium,123,sensor_502_multivar_labeled,0.6,drift,0.2,0.6799999999999999,0.825,0.825,z_w21_t3,0.8188860350362908,0.2,0.1887432536622976,0.5064735226376252,4.223188846028915,1.2617395503322335,3.470370936227974,-0.0778858164939426
medium,123,sensor_505_multivar_labeled,0.6,drift,0.4342722027214347,0.7737088810885739,0.575,0.575,flat_std_w18,0.838378379076367,0.4342722027214347,0.7025730561633906,0.6822213209061064,2.8763398128872217,0.3172882886368854,1.2991089509770473,0.9806275350677084
medium,123,sensor_506_multivar_labeled,0.6,drift,0.199528672427337,0.6798114689709348,0.25,0.25,z_w21_t3,0.8667175736145477,0.199528672427337,0.1990896159317212,0.1994239329667452,8.114927555548501,5.760933638463219,-1.3922388647959067,7.011413423142088
medium,123,sensor_507_multivar_labeled,0.6,drift,0.1714285714285714,0.6685714285714286,0.825,0.825,z_w21_t3,0.7702183733101833,0.1714285714285714,0.1918796992481203,0.6094511494341861,2.7962843644816804,0.2234396730976872,-4.570683813904204,4.2870648423836935
medium,123,sensor_508_multivar_labeled,0.6,drift,0.2,0.6799999999999999,0.7,0.7,z_w21_t3,0.7466940990658761,0.2,0.6375321055499157,0.5676827862749867,3.442931587405311,0.7486806963913782,0.6363479930049766,1.3869069684629882
medium,123,sensor_509_multivar_labeled,0.6,drift,0.1999746096229529,0.6799898438491812,0.925,0.925,flat_std_w18,0.9067725347635944,0.1999746096229529,0.6855982236150596,0.1942069609904228,7.754281482857621,3.710983278794368,6.195679079359838,0.6908045567972375
medium,123,sensor_510_multivar_labeled,0.6,drift,0.4128662954138643,0.7651465181655457,0.9,0.9,flat_std_w36,0.9161657724238408,0.4128662954138643,0.6962293333136063,0.7372426654934559,3.6819294201425934,-0.5655091868021911,3.1454558648012267,0.0479347704865687
medium,123,sensor_511_multivar_labeled,0.6,drift,0.3938353778088762,0.7575341511235505,0.7999999999999999,0.7999999999999999,flat_std_w18,0.9260539623985926,0.3938353778088762,0.6211899846425664,0.1933481152993348,2.96957221116369,-0.2237315024958002,1.3006213244700389,2.786513834726261
medium,321,sensor_501_multivar_labeled,0.6,drift,0.2,0.6799999999999999,0.4999999999999999,0.4999999999999999,flat_std_w18,0.8187364029192603,0.2,0.4057474869669367,0.1879621668099742,2.080740209528766,0.0950484464807603,1.030672441100846,1.5485096854991445
medium,321,sensor_502_multivar_labeled,0.6,drift,0.2,0.6799999999999999,0.625,0.625,flat_std_w18,0.8188860350362908,0.2,0.6003966065076752,0.7596696386720512,1.9912745793275977,1.2258880703090551,0.8812991468316139,1.196094122734055
medium,321,sensor_505_multivar_labeled,0.6,drift,0.1992266047950502,0.6796906419180201,0.85,0.85,low_range_w24,0.926111417942162,0.1992266047950502,0.1918119787717968,0.1907505686125853,1.552567912901842,1.1350615491105318,0.8559857305731735,1.7774267696343955
medium,321,sensor_506_multivar_labeled,0.6,drift,0.1997723392145703,0.6799089356858281,0.9,0.9,dropout_w24,0.8284144487302545,0.1997723392145703,0.1711442786069651,0.9069191980404836,3.2959637968614204,1.061154756819708,2.653006099713428,1.018242984613843
medium,321,sensor_507_multivar_labeled,0.6,drift,0.1992481203007519,0.6796992481203008,0.5499999999999999,0.5499999999999999,flat_std_w18,0.5991704374057316,0.1992481203007519,0.518481943520541,0.1957894736842105,2.4048882540828167,0.4436820595024784,1.0167733390697962,0.9554610694238316
medium,321,sensor_508_multivar_labeled,0.6,drift,0.1988235294117647,0.6795294117647059,0.6,0.6,hampel_w31_k2.5,0.7169344747180382,0.1988235294117647,0.1958236658932715,0.1831399845320959,2.974007157731108,1.86361472111903,-1.374606896629642,2.468428757239816
medium,321,sensor_509_multivar_labeled,0.6,drift,0.4025889452447787,0.7610355780979114,0.925,0.925,flat_std_w18,0.8799809086523105,0.4025889452447787,0.1637000700770848,0.1933193179163747,3.16425660756299,1.2277457676354675,0.4234210974976655,2.2576586700487806
medium,321,sensor_510_multivar_labeled,0.6,drift,0.1999375975039001,0.6799750390015601,0.7999999999999999,0.7999999999999999,flat_std_w36,0.904357419505129,0.1999375975039001,0.7949422288449705,0.1918564742589703,3.1231920279833822,0.8522242331855192,3.678250443223096,-1.6558953383754338
medium,321,sensor_511_multivar_labeled,0.6,drift,0.1826311899482631,0.6730524759793053,0.925,0.925,flat_std_w18,0.7137868479310452,0.1826311899482631,0.1879526977087953,0.7199040342026414,2.109418237077352,-0.7320446439157371,2.6157083223429147,0.4685455057290035
medium,42,sensor_501_multivar_labeled,0.6,drift,0.1791917454858125,0.671676698194325,0.65,0.65,flat_std_w18,0.6644476796847363,0.1791917454858125,0.1888220120378332,0.5947838495020283,1.7755334573676804,-0.6321462425769182,2.919212060821892,-2.9166237703512845
medium,42,sensor_502_multivar_labeled,0.6,drift,0.1895142636854279,0.6758057054741712,0.7,0.7,flat_std_w18,0.9261093143418716,0.1895142636854279,0.6114725310797121,0.7253054627549987,2.674865224467714,-0.7147684466354546,0.905384664371196,1.7924416964036811
medium,42,sensor_505_multivar_labeled,0.6,drift,0.4267340822658565,0.7706936329063426,0.6,0.6,flat_std_w18,0.867163665469064,0.4267340822658565,0.6022182682387468,0.1907505686125853,3.003374437907875,-0.295654031265342,1.0888274636868878,1.693441319522239
medium,42,sensor_506_multivar_labeled,0.6,drift,0.4292510300378659,0.7717004120151464,0.925,0.925,low_range_w24,0.8786312238777889,0.4292510300378659,0.1822466614296936,0.199057344854674,3.4187877125083146,-0.1215640616521767,5.33686097998032,-4.647911078643453
medium,42,sensor_507_multivar_labeled,0.6,drift,0.1774436090225564,0.6709774436090226,0.7999999999999999,0.775,low_range_w24,0.7467157841381501,0.1774436090225564,0.1916992952231793,0.7285472243347166,3.205003437004956,4.654146007852511,4.989701671051994,-0.9663149026378872
medium,42,sensor_508_multivar_labeled,0.6,drift,0.1974789915966386,0.6789915966386555,0.95,0.95,z_w21_t3,0.8395729813664596,0.1974789915966386,0.3964648913516538,0.1927300850734725,3.904929520709113,0.1392943656241014,-1.261887242069861,3.31571382534122
medium,42,sensor_509_multivar_labeled,0.6,drift,0.1918476991357159,0.6767390796542864,0.675,0.675,z_w21_t3,0.8871660898043092,0.1918476991357159,0.3017815808730194,0.7218252059349347,3.849581026010618,0.5498671189990513,-2.6988587742731998,3.795823593168026
medium,42,sensor_510_multivar_labeled,0.6,drift,0.4053012671088016,0.7621205068435206,0.9,0.9,flat_std_w36,0.9598273155416012,0.4053012671088016,0.794827955473091,0.1906084243369734,2.8478131857163573,1.04554155565144,3.922393483245373,-1.806098747239684
medium,42,sensor_511_multivar_labeled,0.6,drift,0.199630450849963,0.6798521803399852,0.95,0.95,flat_std_w18,0.8972107351273306,0.199630450849963,0.1917960088691796,0.193569844789357,2.943639152867759,-0.529074046697262,2.506771931971935,0.2311731798272973
medium,777,sensor_501_multivar_labeled,0.6,drift,0.2,0.6799999999999999,0.7999999999999999,0.7999999999999999,z_w21_t3,0.7501061866816763,0.2,0.1888220120378332,0.525803553058425,5.013406315857137,0.969046185999184,-3.318800327822705,5.830732052920904
medium,777,sensor_502_multivar_labeled,0.6,drift,0.1910562837316885,0.6764225134926753,0.825,0.825,flat_std_w18,0.5247973363535505,0.1910562837316885,0.1861218195836546,0.6986188158314346,3.3418412109955407,0.0328810091010788,1.947173813849665,0.2610836948091865
medium,777,sensor_505_multivar_labeled,0.6,drift,0.1825212683681361,0.6730085073472545,0.7,0.7,flat_std_w18,0.6438545912154638,0.1825212683681361,0.5663360211384888,0.7020813274230201,1.8426802066454728,2.0472557814553736,1.8851605668944964,1.030236244477038
medium,777,sensor_506_multivar_labeled,0.6,drift,0.1997507011530072,0.6799002804612029,0.95,0.95,flat_std_w18,0.8034120571750328,0.1997507011530072,0.198114689709348,0.1984812778214192,3.14459047382569,2.1814569526276024,3.898788843350852,0.1482855568049137
medium,777,sensor_507_multivar_labeled,0.6,drift,0.3890878090366582,0.7556351236146632,0.9,0.9,flat_std_w18,0.7967342105862099,0.3890878090366582,0.1885714285714285,0.195187969924812,2.377557964327066,-0.0515964513028146,3.0410084520141387,-2.2521760407794904
medium,777,sensor_508_multivar_labeled,0.6,drift,0.1998283261802575,0.679931330472103,0.95,0.95,dropout_w12,0.7554959244026777,0.1998283261802575,0.1958132045088567,0.1925754060324826,3.8237836531071063,2.7683450494303155,0.5743283352101072,4.198522622828598
medium,777,sensor_509_multivar_labeled,0.6,drift,0.4067370969388183,0.7626948387755274,0.85,0.85,flat_std_w36,0.934752070773906,0.4067370969388183,0.1909732360097323,0.798772271341809,3.517754105288468,0.1787979835296488,1.064100364767552,1.242247060520658
medium,777,sensor_510_multivar_labeled,0.6,drift,0.2,0.6799999999999999,0.875,0.875,flat_std_w18,0.8844030576922457,0.2,0.1870202808112324,0.191575663026521,3.402893288994393,-0.2037903278746483,2.9835816087385547,0.8740542908928302
medium,777,sensor_511_multivar_labeled,0.6,drift,0.1993348115299335,0.6797339246119734,0.9,0.9,z_w21_t3,0.7881414397489408,0.1993348115299335,0.1887657058388765,0.7209115788935062,2.544269428587904,0.6023501293915825,4.092556076737794,-3.833372313539887
medium,999,sensor_501_multivar_labeled,0.6,drift,0.1867583834909716,0.6747033533963886,0.825,0.825,flat_std_w18,0.6825169277275418,0.1867583834909716,0.173688736027515,0.6047297176261139,2.743121436596671,-1.0968664339672651,3.4558898831260176,-2.3920190110188635
medium,999,sensor_502_multivar_labeled,0.6,drift,0.1833333333333333,0.6733333333333333,0.725,0.725,low_range_w24,0.7139628562964411,0.1833333333333333,0.5000789534457787,0.1962991518889745,2.970543182954974,-1.1162551197802566,1.9829473909866864,0.9180436801126712
medium,999,sensor_505_multivar_labeled,0.6,drift,0.1734647460197119,0.6693858984078848,0.65,0.65,flat_std_w18,0.8467692624280345,0.1734647460197119,0.1918119787717968,0.683538094146514,2.43909409716405,1.406104920018545,1.5941628354545705,-0.5159124209974237
medium,999,sensor_506_multivar_labeled,0.6,drift,0.397197195047304,0.7588788780189216,0.675,0.675,z_w21_t3,0.7178800560787088,0.397197195047304,0.1945376955903272,0.9194672601939776,3.355018718264573,0.1343428837163566,1.2190586521545888,0.5793815410406764
medium,999,sensor_507_multivar_labeled,0.6,drift,0.4276588295011694,0.7710635318004677,0.65,0.65,low_range_w24,0.7142289690449976,0.4276588295011694,0.1758809710258418,0.65167158492826,2.115977209648453,1.3077262634338285,1.4292142397152652,0.5302021118079105
medium,999,sensor_508_multivar_labeled,0.6,drift,0.2,0.6799999999999999,0.4499999999999999,0.4499999999999999,flat_std_w18,0.713769742686438,0.2,0.5704187215566396,0.5819926259681831,3.466503689224271,-0.8426077905500684,0.0151913278661098,2.015055193618104
medium,999,sensor_509_multivar_labeled,0.6,drift,0.4086966117555661,0.7634786447022265,0.9,0.9,flat_std_w18,0.9201993870204268,0.4086966117555661,0.1852311435523114,0.6947908985078205,3.837120352721192,0.7384772486270833,3.454678948492163,-0.3338129964399483
medium,999,sensor_510_multivar_labeled,0.6,drift,0.1893291731669266,0.6757316692667706,0.875,0.875,flat_std_w18,0.9241139196617476,0.1893291731669266,0.1929797191887675,0.1911700468018721,2.425564956473228,0.6689743448569766,4.73170089493988,-2.9827130651857385
medium,999,sensor_511_multivar_labeled,0.6,drift,0.4065318266160608,0.7626127306464243,0.85,0.85,flat_std_w18,0.933129175946548,0.4065318266160608,0.5640597182545987,0.1909830007390983,4.231127777268179,0.297566983978034,2.191313944091016,0.8432480590503159
